{
	"pathologies": [
		{
			"SNOMED_Version": "http://snomed.info/sct/11000172109/version/20230515",
			"SNOMED_Code": 195967001,
			"SNOMED_Display_EN": "Asthma (disorder)",
			"SNOMED_Display_FR": "asthme",
			"SNOMED_Display_NL": "astma",
			"delphi_yes_or_no": 1,
			"delphi_code": "A",
			"delphi_NL": "Astma",
			"delphi_FR": "Asthme"
		},
		{
			"SNOMED_Version": "http://snomed.info/sct/11000172109/version/20230515",
			"SNOMED_Code": 35489007,
			"SNOMED_Display_EN": "Depressive disorder (disorder)",
			"SNOMED_Display_FR": "trouble dépressif",
			"SNOMED_Display_NL": "depressieve stoornis",
			"delphi_yes_or_no": 1,
			"delphi_code": "V",
			"delphi_NL": "Depressie",
			"delphi_FR": "Dépression"
		},
		{
			"SNOMED_Version": "http://snomed.info/sct/11000172109/version/20230515",
			"SNOMED_Code": 73211009,
			"SNOMED_Display_EN": "Diabetes mellitus (disorder)",
			"SNOMED_Display_FR": "diabète sucré",
			"SNOMED_Display_NL": "diabetes mellitus",
			"delphi_yes_or_no": 1,
			"delphi_code": "D",
			"delphi_NL": "Diabetes",
			"delphi_FR": "Diabète"
		},
		{
			"SNOMED_Version": "http://snomed.info/sct/11000172109/version/20230515",
			"SNOMED_Code": 84757009,
			"SNOMED_Display_EN": "Epilepsy (disorder)",
			"SNOMED_Display_FR": "épilepsie",
			"SNOMED_Display_NL": "epilepsie",
			"delphi_yes_or_no": 1,
			"delphi_code": "T",
			"delphi_NL": "Epilepsie",
			"delphi_FR": "Epilepsie"
		},
		{
			"SNOMED_Version": "http://snomed.info/sct/11000172109/version/20230515",
			"SNOMED_Code": 190687004,
			"SNOMED_Display_EN": "Phenylketonuria (disorder)",
			"SNOMED_Display_FR": "phénylcétonurie",
			"SNOMED_Display_NL": "fenylketonurie",
			"delphi_yes_or_no": 1,
			"delphi_code": "P",
			"delphi_NL": "Fenylketonurie",
			"delphi_FR": "Phénylcétonurie"
		},
		{
			"SNOMED_Version": "http://snomed.info/sct/11000172109/version/20230515",
			"SNOMED_Code": 22649008,
			"SNOMED_Display_EN": "Photodermatitis (disorder)",
			"SNOMED_Display_FR": "photodermatite",
			"SNOMED_Display_NL": "fotodermatitis",
			"delphi_yes_or_no": 1,
			"delphi_code": "AV",
			"delphi_NL": "Fotodermatose (antecedent van ...)",
			"delphi_FR": "Photodermatose (antécédent de ...)"
		},
		{
			"SNOMED_Version": "http://snomed.info/sct/11000172109/version/20230515",
			"SNOMED_Code": 84494001,
			"SNOMED_Display_EN": "Open-angle glaucoma (disorder)",
			"SNOMED_Display_FR": "glaucome à angle ouvert",
			"SNOMED_Display_NL": "openhoek-glaucoom",
			"delphi_yes_or_no": 1,
			"delphi_code": "G",
			"delphi_NL": "Glaucoom met open hoek",
			"delphi_FR": "Glaucome … angle ouvert"
		},
		{
			"SNOMED_Version": "http://snomed.info/sct/11000172109/version/20230515",
			"SNOMED_Code": 392291006,
			"SNOMED_Display_EN": "Angle-closure glaucoma (disorder)",
			"SNOMED_Display_FR": "glaucome à angle étroit",
			"SNOMED_Display_NL": "geslotenhoek-glaucoom",
			"delphi_yes_or_no": 1,
			"delphi_code": "K",
			"delphi_NL": "Glaucoom met gesloten hoek",
			"delphi_FR": "Glaucome … angle fermé"
		},
		{
			"SNOMED_Version": "http://snomed.info/sct/11000172109/version/20230515",
			"SNOMED_Code": 124134002,
			"SNOMED_Display_EN": "Deficiency of glucose-6-phosphate dehydrogenase (disorder)",
			"SNOMED_Display_FR": "G6PD - déficit en glucose-6-phosphate déshydrogénase",
			"SNOMED_Display_NL": "glucose-6-fosfaatdehydrogenase-deficiëntie",
			"delphi_yes_or_no": 1,
			"delphi_code": "Y",
			"delphi_NL": "Glucose-6-fosfaatdehydrogenasedefic.",
			"delphi_FR": "Déficit en glucose-6-phosphate déshydrogénase"
		},
		{
			"SNOMED_Version": "http://snomed.info/sct/11000172109/version/20230515",
			"SNOMED_Code": 84114007,
			"SNOMED_Display_EN": "Heart failure (disorder)",
			"SNOMED_Display_FR": "insuffisance cardiaque",
			"SNOMED_Display_NL": "hartinsufficiëntie",
			"delphi_yes_or_no": 1,
			"delphi_code": "F",
			"delphi_NL": "Hartinsufficiëntie",
			"delphi_FR": "Insuffisance cardiaque"
		},
		{
			"SNOMED_Version": "http://snomed.info/sct/11000172109/version/20230515",
			"SNOMED_Code": 38341003,
			"SNOMED_Display_EN": "Hypertensive disorder, systemic arterial (disorder)",
			"SNOMED_Display_FR": "hypertension",
			"SNOMED_Display_NL": "hypertensie",
			"delphi_yes_or_no": 1,
			"delphi_code": "H",
			"delphi_NL": "Hypertensie",
			"delphi_FR": "Hypertension"
		},
		{
			"SNOMED_Version": "http://snomed.info/sct/11000172109/version/20230515",
			"SNOMED_Code": 59927004,
			"SNOMED_Display_EN": "Hepatic failure (disorder)",
			"SNOMED_Display_FR": "insuffisance hépatique",
			"SNOMED_Display_NL": "leverinsufficiëntie",
			"delphi_yes_or_no": 1,
			"delphi_code": "BB",
			"delphi_NL": "Leverinsufficiëntie",
			"delphi_FR": "Insuffisance hépatique"
		},
		{
			"SNOMED_Version": "http://snomed.info/sct/11000172109/version/20230515",
			"SNOMED_Code": 15244003,
			"SNOMED_Display_EN": "Neuroleptic malignant syndrome",
			"SNOMED_Display_FR": "syndrome malin des neuroleptiques",
			"SNOMED_Display_NL": "maligne neuroleptisch syndroom",
			"delphi_yes_or_no": 1,
			"delphi_code": "BC",
			"delphi_NL": "Maligne antipsychoticasyndroom",
			"delphi_FR": "Syndrome malin des antipsychotiques"
		},
		{
			"SNOMED_Version": "http://snomed.info/sct/11000172109/version/20230515",
			"SNOMED_Code": 723188008,
			"SNOMED_Display_EN": "Renal insufficiency (disorder)",
			"SNOMED_Display_FR": "insuffisance rénale",
			"SNOMED_Display_NL": "nierinsufficiëntie",
			"delphi_yes_or_no": 1,
			"delphi_code": "BA",
			"delphi_NL": "Nierinsufficiëntie",
			"delphi_FR": "Insuffisance rénale"
		},
		{
			"SNOMED_Version": "http://snomed.info/sct/11000172109/version/20230515",
			"SNOMED_Code": 433234005,
			"SNOMED_Display_EN": "Hyperplasia of prostate (disorder)",
			"SNOMED_Display_FR": "hyperplasie de la prostate",
			"SNOMED_Display_NL": "hyperplasie van prostaat",
			"delphi_yes_or_no": 1,
			"delphi_code": "J",
			"delphi_NL": "Prostaathypertrofie",
			"delphi_FR": "Hypertrophie de la prostate"
		},
		{
			"SNOMED_Version": "http://snomed.info/sct/11000172109/version/20230515",
			"SNOMED_Code": 37796009,
			"SNOMED_Display_EN": "Migraine (disorder)",
			"SNOMED_Display_FR": "migraine",
			"SNOMED_Display_NL": "migraine",
			"delphi_yes_or_no": 0,
			"delphi_code": "",
			"delphi_NL": "",
			"delphi_FR": ""
		},
		{
			"SNOMED_Version": "http://snomed.info/sct/11000172109/version/20230515",
			"SNOMED_Code": 414916001,
			"SNOMED_Display_EN": "Obesity (disorder)",
			"SNOMED_Display_FR": "obésité",
			"SNOMED_Display_NL": "obesitas",
			"delphi_yes_or_no": 0,
			"delphi_code": "",
			"delphi_NL": "",
			"delphi_FR": ""
		},
		{
			"SNOMED_Version": "http://snomed.info/sct/11000172109/version/20230515",
			"SNOMED_Code": 64859006,
			"SNOMED_Display_EN": "Osteoporosis (disorder)",
			"SNOMED_Display_FR": "ostéoporose",
			"SNOMED_Display_NL": "osteoporose",
			"delphi_yes_or_no": 0,
			"delphi_code": "",
			"delphi_NL": "",
			"delphi_FR": ""
		},
		{
			"SNOMED_Version": "http://snomed.info/sct/11000172109/version/20230515",
			"SNOMED_Code": 49049000,
			"SNOMED_Display_EN": "Parkinson's disease (disorder)",
			"SNOMED_Display_FR": "maladie de Parkinson",
			"SNOMED_Display_NL": "ziekte van Parkinson",
			"delphi_yes_or_no": 1,
			"delphi_code": "B",
			"delphi_NL": "Ziekte van Parkinson",
			"delphi_FR": "Maladie de Parkinson"
		},
		{
			"SNOMED_Version": "http://snomed.info/sct/11000172109/version/20230515",
			"SNOMED_Code": 26929004,
			"SNOMED_Display_EN": "Alzheimer's disease (disorder)",
			"SNOMED_Display_FR": "maladie d'Alzheimer",
			"SNOMED_Display_NL": "ziekte van Alzheimer",
			"delphi_yes_or_no": 0,
			"delphi_code": "",
			"delphi_NL": "",
			"delphi_FR": ""
		},
		{
			"SNOMED_Version": "http://snomed.info/sct/11000172109/version/20230515",
			"SNOMED_Code": 19829001,
			"SNOMED_Display_EN": "Disorder of lung (disorder)",
			"SNOMED_Display_FR": "maladie pulmonaire",
			"SNOMED_Display_NL": "aandoening van long",
			"delphi_yes_or_no": 0,
			"delphi_code": "",
			"delphi_NL": "",
			"delphi_FR": ""
		},
		{
			"SNOMED_Version": "http://snomed.info/sct/11000172109/version/20230515",
			"SNOMED_Code": 56265001,
			"SNOMED_Display_EN": "Heart disease (disorder)",
			"SNOMED_Display_FR": "pathologie cardiaque",
			"SNOMED_Display_NL": "hartziekte",
			"delphi_yes_or_no": 0,
			"delphi_code": "",
			"delphi_NL": "",
			"delphi_FR": ""
		},
		{
			"SNOMED_Version": "http://snomed.info/sct/11000172109/version/20230515",
			"SNOMED_Code": 234532001,
			"SNOMED_Display_EN": "Immunodeficiency disorder (disorder)",
			"SNOMED_Display_FR": "trouble d'immunodéficience",
			"SNOMED_Display_NL": "immunodeficiëntie",
			"delphi_yes_or_no": 0,
			"delphi_code": "",
			"delphi_NL": "",
			"delphi_FR": ""
		},
		{
			"SNOMED_Version": "http://snomed.info/sct/11000172109/version/20230515",
			"SNOMED_Code": 75934005,
			"SNOMED_Display_EN": "Metabolic disease (disorder)",
			"SNOMED_Display_FR": "maladie métabolique",
			"SNOMED_Display_NL": "metabole aandoening",
			"delphi_yes_or_no": 0,
			"delphi_code": "",
			"delphi_NL": "",
			"delphi_FR": ""
		},
		{
			"SNOMED_Version": "http://snomed.info/sct/11000172109/version/20230515",
			"SNOMED_Code": 257277002,
			"SNOMED_Display_EN": "Combined disorder of muscle AND peripheral nerve (disorder)",
			"SNOMED_Display_FR": "affection neuromusculaire combinée périphérique",
			"SNOMED_Display_NL": "neuromusculaire aandoening",
			"delphi_yes_or_no": 0,
			"delphi_code": "",
			"delphi_NL": "",
			"delphi_FR": ""
		},
		{
			"SNOMED_Version": "http://snomed.info/sct/11000172109/version/20230515",
			"SNOMED_Code": 52448006,
			"SNOMED_Display_EN": "Dementia (disorder)",
			"SNOMED_Display_FR": "dementia",
			"SNOMED_Display_NL": "dementie",
			"delphi_yes_or_no": 0,
			"delphi_code": "",
			"delphi_NL": "",
			"delphi_FR": ""
		},
		{
			"SNOMED_Version": "http://snomed.info/sct/11000172109/version/20230515",
			"SNOMED_Code": 13645005,
			"SNOMED_Display_EN": "Chronic obstructive lung disease (disorder)",
			"SNOMED_Display_FR": "maladie pulmonaire obstructive chronique",
			"SNOMED_Display_NL": "chronisch obstructief longlijden",
			"delphi_yes_or_no": 0,
			"delphi_code": "",
			"delphi_NL": "",
			"delphi_FR": ""
		}
	],
	"hypersensitivities_and_allergies": [
		{
			"SNOMED_Version": "http://snomed.info/sct/11000172109/version/20230515",
			"SNOMED_Code": 830259009,
			"SNOMED_Display_EN": "Allergy to fluoroquinolone (finding)",
			"SNOMED_Display_FR": "allergie à la fluoroquinolone",
			"SNOMED_Display_NL": "allergie voor fluorchinolonen",
			"delphi_yes_or_no": 1,
			"delphi_code": "Q",
			"delphi_NL": "Overgevoeligheid voor chinolonen",
			"delphi_FR": "Hypersensibilité aux quinolones"
		},
		{
			"SNOMED_Version": "http://snomed.info/sct/11000172109/version/20230515",
			"SNOMED_Code": 860775000,
			"SNOMED_Display_EN": "Allergy to imidazole (finding)",
			"SNOMED_Display_FR": "allergie à l'imidazole",
			"SNOMED_Display_NL": "allergie voor imidazolen",
			"delphi_yes_or_no": 1,
			"delphi_code": "AE",
			"delphi_NL": "Overgevoeligheid voor imidazolderivaten",
			"delphi_FR": "Hypersensibilité aux dérivés imidazole"
		},
		{
			"SNOMED_Version": "http://snomed.info/sct/11000172109/version/20230515",
			"SNOMED_Code": 294611004,
			"SNOMED_Display_EN": "Allergy to rifampicin (finding)",
			"SNOMED_Display_FR": "allergie à la rifampicin",
			"SNOMED_Display_NL": "allergie voor rifampicine",
			"delphi_yes_or_no": 1,
			"delphi_code": "AB",
			"delphi_NL": "Overgevoeligheid voor rifamycines",
			"delphi_FR": "Hypersensibilité aux rifamycines"
		},
		{
			"SNOMED_Version": "http://snomed.info/sct/11000172109/version/20230515",
			"SNOMED_Code": 294531005,
			"SNOMED_Display_EN": "Allergy to carbapenem (finding)",
			"SNOMED_Display_FR": "allergie aux carbapenem",
			"SNOMED_Display_NL": "allergie voor carbapenem",
			"delphi_yes_or_no": 1,
			"delphi_code": "U",
			"delphi_NL": "Overgevoeligheid voor carbapenems",
			"delphi_FR": "Hypersensibilité aux carbapénèmes"
		},
		{
			"SNOMED_Version": "http://snomed.info/sct/11000172109/version/20230515",
			"SNOMED_Code": 294528009,
			"SNOMED_Display_EN": "Allergy to polymyxin (finding)",
			"SNOMED_Display_FR": "allergie aux polymyxines",
			"SNOMED_Display_NL": "allergie voor polymyxine",
			"delphi_yes_or_no": 1,
			"delphi_code": "AC",
			"delphi_NL": "Overgevoeligheid voor polymyxines",
			"delphi_FR": "Hypersensibilité aux polymyxines"
		},
		{
			"SNOMED_Version": "http://snomed.info/sct/11000172109/version/20230515",
			"SNOMED_Code": 870714005,
			"SNOMED_Display_EN": "Allergy to sulfamethoxazole and/or trimethoprim (finding)",
			"SNOMED_Display_FR": "allergie au SMX (sulfaméthoxazole) et/ou au TMP (triméthoprime)",
			"SNOMED_Display_NL": "allergie voor sulfamethoxazol en/of trimethoprim",
			"delphi_yes_or_no": 1,
			"delphi_code": "I",
			"delphi_NL": "Overgevoeligheid voor sulfamiden",
			"delphi_FR": "Hypersensibilité aux sulfamides"
		},
		{
			"SNOMED_Version": "http://snomed.info/sct/11000172109/version/20230515",
			"SNOMED_Code": 781684006,
			"SNOMED_Display_EN": "Non-allergic hypersensitivity to non-steroidal anti-inflammatory agent (finding)",
			"SNOMED_Display_FR": "hypersensibilité non allergique aux NSAID",
			"SNOMED_Display_NL": "niet-allergische hypersensitiviteit voor NSAID",
			"delphi_yes_or_no": 1,
			"delphi_code": "AZ",
			"delphi_NL": "Overgevoeligheid voor NSAID's",
			"delphi_FR": "Hypersensibilité aux AINS"
		},
		{
			"SNOMED_Version": "http://snomed.info/sct/11000172109/version/20230515",
			"SNOMED_Code": 293610009,
			"SNOMED_Display_EN": "Allergy to non-steroidal anti-inflammatory agent (finding)",
			"SNOMED_Display_FR": "allergie à un AINS (anti-inflammatoire non stéroïdien)",
			"SNOMED_Display_NL": "allergie voor NSAID",
			"delphi_yes_or_no": 0,
			"delphi_code": "",
			"delphi_NL": "",
			"delphi_FR": ""
		},
		{
			"SNOMED_Version": "http://snomed.info/sct/11000172109/version/20230515",
			"SNOMED_Code": 860900002,
			"SNOMED_Display_EN": "Allergy to barbiturate (finding)",
			"SNOMED_Display_FR": "allergie à un barbiturique",
			"SNOMED_Display_NL": "allergie voor barbituraat",
			"delphi_yes_or_no": 1,
			"delphi_code": "AF",
			"delphi_NL": "Overgevoeligheid voor barbituraten",
			"delphi_FR": "Hypersensibilité aux barbituriques"
		},
		{
			"SNOMED_Version": "http://snomed.info/sct/11000172109/version/20230515",
			"SNOMED_Code": 294592000,
			"SNOMED_Display_EN": "Allergy to tetracycline (finding)",
			"SNOMED_Display_FR": "allergie à la tétracycline",
			"SNOMED_Display_NL": "allergie voor tetracycline",
			"delphi_yes_or_no": 1,
			"delphi_code": "M",
			"delphi_NL": "Overgevoeligheid voor tetracyclines",
			"delphi_FR": "Hypersensibilité aux tétracyclines"
		},
		{
			"SNOMED_Version": "http://snomed.info/sct/11000172109/version/20230515",
			"SNOMED_Code": 294462007,
			"SNOMED_Display_EN": "Allergy to aminoglycoside (finding)",
			"SNOMED_Display_FR": "allergie aux aminoglycosides",
			"SNOMED_Display_NL": "allergie voor aminoglycoside",
			"delphi_yes_or_no": 1,
			"delphi_code": "O",
			"delphi_NL": "Overgevoeligheid voor aminoglycosiden",
			"delphi_FR": "Hypersensibilité aux aminoglycosides"
		},
		{
			"SNOMED_Version": "http://snomed.info/sct/11000172109/version/20230515",
			"SNOMED_Code": 609409007,
			"SNOMED_Display_EN": "Non-allergic hypersensitivity reaction caused by sulfite (disorder)",
			"SNOMED_Display_FR": "allergie aux sulfites",
			"SNOMED_Display_NL": "pseudoallergische reactie door sulfiet",
			"delphi_yes_or_no": 1,
			"delphi_code": "S",
			"delphi_NL": "Overgevoeligheid voor sulfieten",
			"delphi_FR": "Hypersensibilité aux sulfites"
		},
		{
			"SNOMED_Version": "http://snomed.info/sct/11000172109/version/20230515",
			"SNOMED_Code": 294913003,
			"SNOMED_Display_EN": "Allergy to iodine compound (finding)",
			"SNOMED_Display_FR": "allergie aux composés de l'iode",
			"SNOMED_Display_NL": "allergie voor jodiumcomponenten",
			"delphi_yes_or_no": 1,
			"delphi_code": "BD",
			"delphi_NL": "Overgevoeligheid voor jodium",
			"delphi_FR": "Hypersensibilité à l'iode"
		},
		{
			"SNOMED_Version": "http://snomed.info/sct/11000172109/version/20230515",
			"SNOMED_Code": 294561002,
			"SNOMED_Display_EN": "Allergy to clindamycin (finding)",
			"SNOMED_Display_FR": "allergie à la clindamycine",
			"SNOMED_Display_NL": "allergie voor clindamycine",
			"delphi_yes_or_no": 0,
			"delphi_code": "",
			"delphi_NL": "",
			"delphi_FR": ""
		},
		{
			"SNOMED_Version": "http://snomed.info/sct/11000172109/version/20230515",
			"SNOMED_Code": 294562009,
			"SNOMED_Display_EN": "Allergy to lincomycin (finding)",
			"SNOMED_Display_FR": "allergie à la lincomycine",
			"SNOMED_Display_NL": "allergie voor lincomycine",
			"delphi_yes_or_no": 1,
			"delphi_code": "N",
			"delphi_NL": "Overgevoeligheid voor lincosamiden",
			"delphi_FR": "Hypersensibilité aux lincosamides"
		},
		{
			"SNOMED_Version": "http://snomed.info/sct/11000172109/version/20230515",
			"SNOMED_Code": 860907004,
			"SNOMED_Display_EN": "Allergy to macrolide (finding)",
			"SNOMED_Display_FR": "allergie à un macrolide",
			"SNOMED_Display_NL": "allergie voor macrolide",
			"delphi_yes_or_no": 1,
			"delphi_code": "R",
			"delphi_NL": "Overgevoeligheid voor macroliden",
			"delphi_FR": "Hypersensibilité aux macrolides"
		},
		{
			"SNOMED_Version": "http://snomed.info/sct/11000172109/version/20230515",
			"SNOMED_Code": 294532003,
			"SNOMED_Display_EN": "Allergy to cephalosporin (finding)",
			"SNOMED_Display_FR": "allergie aux céphalosporines",
			"SNOMED_Display_NL": "cefalosporinenallergie",
			"delphi_yes_or_no": 1,
			"delphi_code": "E",
			"delphi_NL": "Overgevoeligheid voor cefalosporines",
			"delphi_FR": "Hypersensibilité aux céphalosporines"
		},
		{
			"SNOMED_Version": "http://snomed.info/sct/11000172109/version/20230515",
			"SNOMED_Code": 91936005,
			"SNOMED_Display_EN": "Allergy to penicillin (finding)",
			"SNOMED_Display_FR": "allergie à la pénicilline",
			"SNOMED_Display_NL": "allergie voor penicilline",
			"delphi_yes_or_no": 1,
			"delphi_code": "L",
			"delphi_NL": "Overgevoeligheid voor penicillines",
			"delphi_FR": "Hypersensibilité aux pénicillines"
		},
		{
			"SNOMED_Version": "http://snomed.info/sct/11000172109/version/20230515",
			"SNOMED_Code": 767642003,
			"SNOMED_Display_EN": "Allergy to benzodiazepine (finding)",
			"SNOMED_Display_FR": "allergie à une benzodiazépine",
			"SNOMED_Display_NL": "allergie voor benzodiazepine",
			"delphi_yes_or_no": 1,
			"delphi_code": "Z",
			"delphi_NL": "Overgevoeligheid voor benzodiazepines",
			"delphi_FR": "Hypersensibilité aux benzodiazépines"
		},
		{
			"SNOMED_Version": "http://snomed.info/sct/11000172109/version/20230515",
			"SNOMED_Code": 609537003,
			"SNOMED_Display_EN": "Non-allergic hypersensitivity to angiotensin-converting enzyme inhibitor (finding)",
			"SNOMED_Display_FR": "allergie aux inhibiteurs de l'enzyme de conversion de l'angiotensine",
			"SNOMED_Display_NL": "niet-allergische overgevoeligheid voor ACE-remmer",
			"delphi_yes_or_no": 1,
			"delphi_code": "AG",
			"delphi_NL": "Overvoeligheid voor ACE-inhibitoren",
			"delphi_FR": "Hypersensibilité aux IECA"
		},
		{
			"SNOMED_Version": "http://snomed.info/sct/11000172109/version/20230515",
			"SNOMED_Code": 441831003,
			"SNOMED_Display_EN": "Gluten sensitivity (finding)",
			"SNOMED_Display_FR": "allergie au gluten",
			"SNOMED_Display_NL": "glutengevoeligheid",
			"delphi_yes_or_no": 0,
			"delphi_code": "",
			"delphi_NL": "",
			"delphi_FR": ""
		}
	],
	"physiological_states": [
		{
			"SNOMED_Version": "http://snomed.info/sct/11000172109/version/20230515",
			"SNOMED_Code": 782415009,
			"SNOMED_Display_EN": "Intolerance to lactose (finding)",
			"SNOMED_Display_FR": "intolérance au lactose",
			"SNOMED_Display_NL": "lactose-intolerantie",
			"delphi_yes_or_no": 0,
			"delphi_code": "",
			"delphi_NL": "",
			"delphi_FR": ""
		},
		{
			"SNOMED_Version": "http://snomed.info/sct/11000172109/version/20230515",
			"SNOMED_Code": 77386006,
			"SNOMED_Display_EN": "Pregnancy (finding)",
			"SNOMED_Display_FR": "patiente actuellement enceinte",
			"SNOMED_Display_NL": "patiënt momenteel zwanger",
			"delphi_yes_or_no": 1,
			"delphi_code": "W",
			"delphi_NL": "Zwangerschap",
			"delphi_FR": "Grossesse"
		},
		{
			"SNOMED_Version": "http://snomed.info/sct/11000172109/version/20230515",
			"SNOMED_Code": 866041003,
			"SNOMED_Display_EN": "Mother currently breastfeeding (situation)",
			"SNOMED_Display_FR": "la mère allaite actuellement",
			"SNOMED_Display_NL": "moeder geeft momenteel borstvoeding",
			"delphi_yes_or_no": 1,
			"delphi_code": "X",
			"delphi_NL": "Borstvoeding",
			"delphi_FR": "Allaitement"
		},
		{
			"SNOMED_Version": "http://snomed.info/sct/11000172109/version/20230515",
			"SNOMED_Code": 285049007,
			"SNOMED_Display_EN": "Does use contact lenses (finding)",
			"SNOMED_Display_FR": "porte des lentilles de contact",
			"SNOMED_Display_NL": "gebruikt contactlezen",
			"delphi_yes_or_no": 1,
			"delphi_code": "C",
			"delphi_NL": "Contactlenzen",
			"delphi_FR": "Lentilles de contact"
		},
		{
			"SNOMED_Version": "http://snomed.info/sct/11000172109/version/20230515",
			"SNOMED_Code": 77176002,
			"SNOMED_Display_EN": "Smoker (finding)",
			"SNOMED_Display_FR": "fumeur",
			"SNOMED_Display_NL": "roker",
			"delphi_yes_or_no": 0,
			"delphi_code": "",
			"delphi_NL": "",
			"delphi_FR": ""
		},
		{
			"SNOMED_Version": "http://snomed.info/sct/11000172109/version/20230515",
			"SNOMED_Code": 7200002,
			"SNOMED_Display_EN": "Alcoholism (disorder)",
			"SNOMED_Display_FR": "alcoolisme",
			"SNOMED_Display_NL": "alcoholisme",
			"delphi_yes_or_no": 0,
			"delphi_code": "",
			"delphi_NL": "",
			"delphi_FR": ""
		},
		{
			"SNOMED_Version": "http://snomed.info/sct/11000172109/version/20230515",
			"SNOMED_Code": 49808004,
			"SNOMED_Display_EN": "Old-age (finding)",
			"SNOMED_Display_FR": "âge avancé",
			"SNOMED_Display_NL": "oudere leeftijd",
			"delphi_yes_or_no": 0,
			"delphi_code": "",
			"delphi_NL": "",
			"delphi_FR": ""
		}
	]
}