<?xml version="1.0" encoding="UTF-8"?><smc:single-message xmlns:code="http://www.apb.be/standards/smoa/schema/code/v1" xmlns:id="http://www.apb.be/standards/smoa/schema/id/v1" xmlns:model="http://www.apb.be/standards/smoa/schema/model/v1" xmlns:smc="http://www.apb.be/standards/smoa/schema/v1" xmlns:xsi="http://www.w3.org/2001/XMLSchema-instance" xsi:schemaLocation="http://www.apb.be/standards/smoa/schema/v1 maindoc/single-message-oa-1.0.xsd">	<smc:unsigned>		<smc:header>			<smc:version>2.0.6</smc:version>			<smc:messageCreateDate>2012-10-09T09:00:00</smc:messageCreateDate>			<!-- filled by connector module -->			<smc:messageID>12345678-1234-1234-1234-0123456789AB</smc:messageID>			<!-- filled by connector module -->			<smc:sender>				<model:refPharmacy>					<model:pharmacyId xsi:type="id:NihiiIdType">						<id:nihiiPharmacyNumber>62599147</id:nihiiPharmacyNumber>					</model:pharmacyId>				</model:refPharmacy>			</smc:sender>		</smc:header>		<smc:eventFolder>			<smc:events>				<smc:event xsi:type="smc:PharmaceuticalCareEventType">					<smc:sessionDateTime>2012-10-09T08:55:00</smc:sessionDateTime>					<smc:pharmacyId>						<!-- TODO replace with ref? -->						<id:nihiiPharmacyNumber>62599147</id:nihiiPharmacyNumber>					</smc:pharmacyId>					<model:max-Patient>						<model:identification>							<model:personId xsi:type="id:InssIdType">								<id:id>81112623980</id:id>							</model:personId>							<model:name>Homer</model:name>							<model:name>J</model:name>							<model:familyName>Simpson</model:familyName>							<model:sex>MALE</model:sex>							<model:birthDate>1957-08-13</model:birthDate>							<model:usuallanguage>be-nl</model:usuallanguage>						</model:identification>						<model:contact>							<model:address xsi:type="model:EuropeanAddressType" usage="HOME">								<model:country>BE</model:country>								<model:zip>3000</model:zip>								<model:city>Leuven</model:city>								<model:street>Langestraat</model:street>								<model:housenumber>5</model:housenumber>								<model:postboxnumber>C</model:postboxnumber>								<model:lastChanged>2023-10-17T09:30:47Z</model:lastChanged>							</model:address>							<model:telecom xsi:type="model:GenericTelecomType">								<model:kind>									<code:type>PHONE</code:type>									<code:usage>HOME</code:usage>								</model:kind>								<model:value>123456789</model:value>							</model:telecom>							<model:telecom xsi:type="model:GenericTelecomType">								<model:kind>									<code:type>EMAIL</code:type>									<code:usage>HOME</code:usage>								</model:kind>								<model:value>homer@simpson.com</model:value>							</model:telecom>						</model:contact>						<!-- <model:entourage></model:entourage> <model:careProviders></model:careProviders> -->						<model:supplementaryAdminstrativeInfo>							<model:insuredStatus>								<model:cg1>110</model:cg1>								<model:cg2>110</model:cg2>							</model:insuredStatus>							<model:institutionalResidence>NursingHomeLongStay</model:institutionalResidence>							<model:localMedicationScheme>								<model:presence>true</model:presence>								<model:lastupdate>2023-08-13</model:lastupdate>							</model:localMedicationScheme>							<model:familyPharmacist>true</model:familyPharmacist>							<model:carePath>Carepath Diabetes</model:carePath>							<model:carePath>Chronic Renal Insufficiency</model:carePath>							<model:globalMedicalFileHolder>								<id:riziv>12345678923</id:riziv>							</model:globalMedicalFileHolder>						</model:supplementaryAdminstrativeInfo>						<model:medicalConditions>							<model:Pathology>								<model:System>http://snomed.info/sct</model:System>								<model:Version>http://snomed.info/sct/11000172109/version/20230515</model:Version>								<model:Code>195967001</model:Code>								<model:Display language="nl">astma</model:Display>							</model:Pathology>							<model:Pathology>								<model:System>http://snomed.info/sct</model:System>								<model:Version>http://snomed.info/sct/11000172109/version/20230515</model:Version>								<model:Code>64859006</model:Code>								<model:Display language="fr">ostéoporose</model:Display>							</model:Pathology>							<model:hypersensitivityOrAllergy>								<model:System>http://snomed.info/sct</model:System>								<model:Version>http://snomed.info/sct/11000172109/version/20230515</model:Version>								<model:Code>294592000</model:Code>								<model:Display language="en">Allergy to tetracycline (finding)</model:Display>							</model:hypersensitivityOrAllergy>							<model:hypersensitivityOrAllergy>								<model:System>http://snomed.info/sct</model:System>								<model:Version>http://snomed.info/sct/11000172109/version/20230515</model:Version>								<model:Code>91936005</model:Code>								<model:Display language="nl">allergie voor penicilline</model:Display>							</model:hypersensitivityOrAllergy>							<model:otherPhysiologicalCondition>								<model:System>http://snomed.info/sct</model:System>								<model:Version>http://snomed.info/sct/11000172109/version/20230515</model:Version>								<model:Code>285049007</model:Code>								<model:Display language="fr">porte des lentilles de contact</model:Display>							</model:otherPhysiologicalCondition>							<model:otherPhysiologicalCondition>								<model:System>http://snomed.info/sct</model:System>								<model:Version>http://snomed.info/sct/11000172109/version/20230515</model:Version>								<model:Code>77176002</model:Code>								<model:Display language="nl">roker</model:Display>							</model:otherPhysiologicalCondition>						</model:medicalConditions>					</model:max-Patient>					<smc:dispensedForSamePrescription>						<smc:prescriptionId>							<smc:electronicPrescription>								<id:rid>BEPABZ2D88CD</id:rid>							</smc:electronicPrescription>						</smc:prescriptionId><!-- 						<smc:prescriptionId>							<smc:localPrescription>								<id:officinaOrderNumber>12345678</id:officinaOrderNumber>							</smc:localPrescription>						</smc:prescriptionId> -->						<model:hcparty>							<model:id xsi:type="id:RizivIdType">								<id:riziv>12345678910</id:riziv>							</model:id>							<model:type>persphysician</model:type>							<model:address xsi:type="model:EuropeanAddressType" usage="HOME">								<model:country>BE</model:country>								<model:zip>3000</model:zip>								<model:city>Leuven</model:city>								<model:street>Langestraat</model:street>								<model:housenumber>5</model:housenumber>							</model:address>							<model:telecom xsi:type="model:GenericTelecomType">								<model:kind>									<code:type>PHONE</code:type>									<code:usage>HOME</code:usage>								</model:kind>								<model:value>123456789</model:value>							</model:telecom>						</model:hcparty>						<smc:product onSubstanceName="true">							<model:description>								<model:productCode xsi:type="id:CnkIdType">									<id:cnk>0011957</id:cnk>									<id:description>name of the product</id:description>								</model:productCode>							</model:description>							<model:dispensation>								<model:numberOfUnits>1</model:numberOfUnits>								<model:administrationInstructions>									<model:beginmoment>										<smc:yearmonth>2012-10</smc:yearmonth>									</model:beginmoment>									<!--<model:posology>										<model:high>1</model:high>										<model:unit xsi:type="code:AdministrationUnitValuesCodeType">											<code:cd>10</code:cd>										</model:unit>										<model:takes>											<model:high>3</model:high>										</model:takes>									</model:posology>-->									<model:regimen>										<model:daynumber>1</model:daynumber>										<model:daytime>											<model:dayperiod xsi:type="code:DayPeriodCodeType">												<code:cd>BETWEENBREAKFASTANDLUNCH</code:cd>											</model:dayperiod>										</model:daytime>										<model:quantity>											<model:decimal>5.0</model:decimal>											<model:unit xsi:type="code:AdministrationUnitValuesCodeType">												<code:cd>ml</code:cd>												<!-- not codified yet -->											</model:unit>										</model:quantity>									</model:regimen>									<model:route>test</model:route>									<!-- not codified yet -->									<model:issubstitutionallowed>false</model:issubstitutionallowed>								</model:administrationInstructions>							</model:dispensation>							<model:pharmaceuticalCare>								<model:productInformation>									<model:infoFirstDispensation>true</model:infoFirstDispensation>									<model:brochure>Drug Addicts Weekly</model:brochure>								</model:productInformation>								<model:drugRelatedProblem>									<model:cause>interrupted therapy</model:cause>									<model:intervention>phone calls</model:intervention>									<model:result>blocked on facebook</model:result>								</model:drugRelatedProblem>							</model:pharmaceuticalCare>							<model:localReference>LOCALID</model:localReference>							<!-- filled by pharmacy software at their leasure -->							<model:dispensationGUID>99999999-1234-1234-1234-0123456789AB</model:dispensationGUID>							<!-- filled by connector module DISPENSATION GUID -->							<model:administrativeInfo>								<model:batchNumber>1A25B09</model:batchNumber>							</model:administrativeInfo>							<model:reimbursementInfo>								<model:reimbursementCategory>B</model:reimbursementCategory>								<model:reimbursementCondition>?</model:reimbursementCondition>								<model:coPayment>5.31</model:coPayment>								<model:maxInvoiced>false</model:maxInvoiced>								<model:authorisation>true</model:authorisation>							</model:reimbursementInfo>						</smc:product>					</smc:dispensedForSamePrescription>					<smc:dispensedWithoutPrescription>						<smc:product>							<model:description>								<model:productCode xsi:type="id:CnkIdType">									<id:cnk>1234567</id:cnk>									<id:description>name of the product</id:description>								</model:productCode>							</model:description>							<model:dispensation>								<model:numberOfUnits>1</model:numberOfUnits>								<model:administrationInstructions>									<model:beginmoment>										<smc:yearmonth>2012-10</smc:yearmonth>									</model:beginmoment>									<model:regimen>										<model:daynumber>1</model:daynumber>										<model:daytime>											<model:dayperiod xsi:type="code:DayPeriodCodeType">												<code:cd>BETWEENBREAKFASTANDLUNCH</code:cd>											</model:dayperiod>										</model:daytime>										<model:quantity>											<model:decimal>5.0</model:decimal>											<model:unit xsi:type="code:AdministrationUnitValuesCodeType">												<code:cd>ml</code:cd>												<!-- not codified yet -->											</model:unit>										</model:quantity>									</model:regimen>									<model:route>test</model:route>									<!-- not codified yet -->									<model:issubstitutionallowed>false</model:issubstitutionallowed>								</model:administrationInstructions>							</model:dispensation>							<model:pharmaceuticalCare>								<model:productInformation>									<model:infoFirstDispensation>true</model:infoFirstDispensation>									<model:brochure>Drug Addicts Weekly</model:brochure>								</model:productInformation>								<model:drugRelatedProblem>									<model:cause>interrupted therapy</model:cause>									<model:intervention>phone calls</model:intervention>									<model:result>blocked on facebook</model:result>								</model:drugRelatedProblem>							</model:pharmaceuticalCare>							<model:localReference>LOCALIDHELLYEAH</model:localReference>							<!-- filled by pharmacy software at their leasure -->							<model:dispensationGUID>00000000-1234-1234-1234-0123456789AB</model:dispensationGUID>							<!-- filled by connector module DISPENSATION GUID -->							<model:administrativeInfo>								<model:batchNumber>2B23698</model:batchNumber>							</model:administrativeInfo>						</smc:product>						<smc:product>							<model:description>								<model:productCode xsi:type="id:CnkIdType">									<id:cnk>1234567</id:cnk>									<id:description>name of the product</id:description>								</model:productCode>							</model:description>							<model:dispensation>								<model:numberOfUnits>1</model:numberOfUnits>								<model:administrationInstructions>									<model:beginmoment>										<smc:yearmonth>2012-10</smc:yearmonth>									</model:beginmoment>									<model:regimen>										<model:daynumber>1</model:daynumber>										<model:daytime>											<model:dayperiod xsi:type="code:DayPeriodCodeType">												<code:cd>BETWEENBREAKFASTANDLUNCH</code:cd>											</model:dayperiod>										</model:daytime>										<model:quantity>											<model:decimal>5.0</model:decimal>											<model:unit xsi:type="code:AdministrationUnitValuesCodeType">												<code:cd>ml</code:cd>												<!-- not codified yet -->											</model:unit>										</model:quantity>									</model:regimen>									<model:route>test</model:route>									<!-- not codified yet -->									<model:issubstitutionallowed>false</model:issubstitutionallowed>								</model:administrationInstructions>							</model:dispensation>							<model:pharmaceuticalCare>								<model:productInformation>									<model:infoFirstDispensation>true</model:infoFirstDispensation>									<model:brochure>Drug Addicts Weekly</model:brochure>								</model:productInformation>								<model:drugRelatedProblem>									<model:cause>interrupted therapy</model:cause>									<model:intervention>phone calls</model:intervention>									<model:result>blocked on facebook</model:result>								</model:drugRelatedProblem>							</model:pharmaceuticalCare>							<model:localReference>LOCALIDHELLYEAH</model:localReference>							<!-- filled by pharmacy software at their leasure -->							<model:dispensationGUID>88888888-1234-1234-1234-0123456789AB</model:dispensationGUID>							<!-- filled by connector module DISPENSATION GUID -->						</smc:product>					</smc:dispensedWithoutPrescription>					<smc:pharmaceuticalCareActivities>						<smc:drugRelatedProblem>							<model:cause>habit</model:cause>							<model:intervention>slap</model:intervention>							<model:result>mildly disoriented</model:result>						</smc:drugRelatedProblem>					</smc:pharmaceuticalCareActivities>					<smc:metaDataList>						<smc:metaData>							<smc:key>HasDelphiCareRun</smc:key>							<smc:value>TRUE</smc:value>						</smc:metaData>					</smc:metaDataList>				</smc:event>			</smc:events>		</smc:eventFolder>	</smc:unsigned></smc:single-message>